"Id;""Designator"";""Footprint"";""Quantity"";""Designation"";""Supplier and ref"";",,,,,,,,,
"4;""C2",C1,C3,C3,C2,"C1"";""C_0603_1608Metric"";6;""1u"";;;",,,,
"5;""R6",R11,R8,R12,R11,R12,R8,"R6"";""R_0603_1608Metric"";8;""1k"";;;",,
"6;""R5",R2,R3,R1,R4,R1,R4,R3,R2,"R5"";""R_0603_1608Metric"";10;""5.1k"";;;"
"7;""U3","U3"";""TSSOP-16_4.4x5mm_P0.65mm"";2;""MSP430FR2110/MSP430FR2111"";;;",,,,,,,,
"8;""C6","C6"";""C_0402_1005Metric"";2;""100n"";;;",,,,,,,,
"9;""C4","C4"";""C_0805_2012Metric"";2;""10u"";;;",,,,,,,,
"10;""D2","D2"";""D_0603_1608Metric"";2;""D_Schottky"";;;",,,,,,,,
"11;""Q1","Q1"";""SOT-23"";2;""NXV55UNR"";;;",,,,,,,,
"12;""D1","D1"";""LED_0603_1608Metric"";2;""CHG_LED"";;;",,,,,,,,
"13;""U1","U1"";""SOT-23-6"";2;""BQ21040DBV"";;;",,,,,,,,
"14;""M1","M1"";""vibration_motor"";2;""Vibration Motor"";;;",,,,,,,,
"15;""U2","U2"";""SOT-23-5"";2;""TPS70933DBVR"";;;",,,,,,,,
"16;""J1","J1"";""USB_C_Receptacle_GCT_USB4135-GF-A_6P_TopMnt_Horizontal"";2;""USB4135-GF-A_REVA"";;;",,,,,,,,
"17;""R7","R7"";""R_0603_1608Metric"";2;""100k"";;;",,,,,,,,
