Designator,Mid X,Mid Y,Rotation,Layer
C1,24.725,-42.45,180.0,bottom
C2,24.75,-35.17,270.0,bottom
C3,18.81,-35.16,270.0,bottom
C4,9.83,-40.775,0.0,bottom
C6,10.3,-39.25,0.0,bottom
D1,19.64,-38.58,0.0,bottom
D2,14.62,-47.5675,90.0,bottom
J1,32.67,-39.98,295.0,bottom
M1,9.469999,-47.5375,180.0,bottom
Q1,13.42,-42.51,90.0,bottom
R1,27.7,-34.65,115.0,bottom
R11,18.5,-18.165,270.0,bottom
R12,16.95,-18.16,270.0,bottom
R2,29.10866,-35.292297,115.0,bottom
R3,26.39,-39.33,270.0,bottom
R4,19.64,-41.82,0.0,bottom
R5,19.63,-43.44,180.0,bottom
R6,19.64,-40.21,0.0,bottom
R7,9.97,-42.63,0.0,bottom
R8,13.34,-39.78,180.0,bottom
U1,23.45,-39.53,0.0,bottom
U2,21.83,-35.34,180.0,bottom
U3,11.11,-34.49,0.0,bottom
