Designator,Footprint,Quantity,Value,LCSC Part #
"_18, _17, _16, _15, _14, _13, _12, _11, _10, _9, _8, _7, _6, _5, _4",,15,,
"C1, C2, C3",0603,3,1u,
"C4",0805,2,10u,
C6,0402,1,100n,
D1,0603,1,CHG_LED,
D2,0603,1,D_Schottky,
J1,USB_C_Receptacle_GCT_USB4135-GF-A_6P_TopMnt_Horizontal,1,USB4135-GF-A_REVA,
Q1,SOT-23,1,NXV55UNR,
"R1, R2, R3, R4, R5",0603,5,5.1k,
"R10, R11, R12, R6, R8, R9",0603,6,1k,
R7,0603,1,100k,
U1,SOT-23-6,1,BQ21040DBV,
U2,SOT-23-5,1,TPS70933DBVR,
U3,TSSOP-16_4.4x5mm_P0.65mm,1,MSP430FR2110/MSP430FR2111,
